FID,TRASHDAY,SHAPE_STAr,SHAPE_STLe,Shape__Area,Shape__Length
1,W,183835774.4,78188.68661,21149623.75,26499.09669
2,R,123209292.1,50056.16592,14171162.19,16957.30859
3,M,305648250.6,79144.44486,35194934.05,26845.44137
4,F,566177387.7,127697.1592,65094452.01,43273.91066
5,T,380582857.5,113228.5862,43794307.32,38365.39766
